{
    "items": [
        {
            "name": "Menu-1",
            "children": [
                {
                    "name": "1", 
                    "price": "$10"
                },
                {
                    "name": "2", 
                    "price": "$20"
                }
            ]
        } ,
        {
            "name": "Menu-2",
            "children": [
                {
                    "name": "1", 
                    "price": "$10"
                },
                {
                    "name": "2", 
                    "price": "$20"
                }
            ]
        } ,
        {
            "name": "Menu-3",
            "children": [
                {
                    "name": "1", 
                    "price": "$10"
                },
                {
                    "name": "2", 
                    "price": "$20"
                }
            ]
        } ,
        {
            "name": "Menu-4",
            "children": [
                {
                    "name": "1", 
                    "price": "$10"
                },
                {
                    "name": "2", 
                    "price": "$20"
                }
            ]
        } ,
        {
            "name": "Menu-5",
            "children": [
                {
                    "name": "1", 
                    "price": "$10"
                },
                {
                    "name": "2", 
                    "price": "$20"
                }
            ]
        },
        {
            "name": "Menu-6",
            "children": [
                {
                    "name": "1", 
                    "price": "$10"
                },
                {
                    "name": "2", 
                    "price": "$20"
                }
            ]
        },
        {
            "name": "Menu-7",
            "children": [
                {
                    "name": "1", 
                    "price": "$10"
                },
                {
                    "name": "2", 
                    "price": "$20"
                }
            ]
        },
        {
            "name": "Menu-8",
            "children": [
                {
                    "name": "1", 
                    "price": "$10"
                },
                {
                    "name": "2", 
                    "price": "$20"
                }
            ]
        }
    ]
}